{
  "n_trials_dsr": 18,
  "expected_n_trials_per_v0_13": 18,
  "n_cells_aggregated": 18,
  "outcome_classification": "Outcome-2 Partial",
  "n_outcome_1_cells": 0,
  "sole_survivor": null,
  "cells": [
    {
      "candidate_id": "D-B",
      "top_n": 8,
      "metrics": {
        "ir": 0.006783314826081452,
        "mean_alpha_monthly": 0.00016598614131241212,
        "te": 0.2936372182064233,
        "max_dd_diff_vs_0050": -0.004240661884130192,
        "active_corr": -0.3516745948072242,
        "beta_adj_alpha_t": 0.8026999846504953,
        "sharpe_for_dsr": 0.00678331482608145
      },
      "bootstrap_ci_lower": -0.0129,
      "dsr": 0.0,
      "gates": {
        "L1_ir_ge_0_20": false,
        "L2_mean_alpha_ge_0_005": false,
        "L3_te_in_range": true,
        "L4_max_dd_diff_le_0_05": true,
        "L5_a1_active_corr_le_0_50": true,
        "L5_a1_te_ge_0_10": true,
        "L5_a1_beta_adj_t_gt_1_5": false,
        "L6_bootstrap_ci_lower_gt_0": false
      },
      "l5_a1_passed": false,
      "all_l1_l6_passed": false
    },
    {
      "candidate_id": "D-B",
      "top_n": 12,
      "metrics": {
        "ir": -0.042764011509251514,
        "mean_alpha_monthly": -0.0008603718035174485,
        "te": 0.24142874528915048,
        "max_dd_diff_vs_0050": 0.05365117908467287,
        "active_corr": -0.4531482745011184,
        "beta_adj_alpha_t": 0.9641530275615875,
        "sharpe_for_dsr": -0.04276401150925151
      },
      "bootstrap_ci_lower": -0.0118,
      "dsr": 0.0,
      "gates": {
        "L1_ir_ge_0_20": false,
        "L2_mean_alpha_ge_0_005": false,
        "L3_te_in_range": true,
        "L4_max_dd_diff_le_0_05": false,
        "L5_a1_active_corr_le_0_50": true,
        "L5_a1_te_ge_0_10": true,
        "L5_a1_beta_adj_t_gt_1_5": false,
        "L6_bootstrap_ci_lower_gt_0": false
      },
      "l5_a1_passed": false,
      "all_l1_l6_passed": false
    },
    {
      "candidate_id": "D-B",
      "top_n": 16,
      "metrics": {
        "ir": -0.006161441124865382,
        "mean_alpha_monthly": -0.00012020783683487282,
        "te": 0.23411633947082308,
        "max_dd_diff_vs_0050": 0.09432596135848548,
        "active_corr": -0.5094194683012621,
        "beta_adj_alpha_t": 1.2256779669346398,
        "sharpe_for_dsr": -0.006161441124865382
      },
      "bootstrap_ci_lower": -0.0105,
      "dsr": 0.0,
      "gates": {
        "L1_ir_ge_0_20": false,
        "L2_mean_alpha_ge_0_005": false,
        "L3_te_in_range": true,
        "L4_max_dd_diff_le_0_05": false,
        "L5_a1_active_corr_le_0_50": true,
        "L5_a1_te_ge_0_10": true,
        "L5_a1_beta_adj_t_gt_1_5": false,
        "L6_bootstrap_ci_lower_gt_0": false
      },
      "l5_a1_passed": false,
      "all_l1_l6_passed": false
    },
    {
      "candidate_id": "D-C",
      "top_n": 8,
      "metrics": {
        "ir": 0.09237190301698824,
        "mean_alpha_monthly": 0.002332953542304491,
        "te": 0.30307313797037627,
        "max_dd_diff_vs_0050": -0.021814593922321435,
        "active_corr": -0.32879093587805946,
        "beta_adj_alpha_t": 0.9362569355845599,
        "sharpe_for_dsr": 0.09237190301698821
      },
      "bootstrap_ci_lower": -0.0105,
      "dsr": 0.0,
      "gates": {
        "L1_ir_ge_0_20": false,
        "L2_mean_alpha_ge_0_005": false,
        "L3_te_in_range": false,
        "L4_max_dd_diff_le_0_05": true,
        "L5_a1_active_corr_le_0_50": true,
        "L5_a1_te_ge_0_10": true,
        "L5_a1_beta_adj_t_gt_1_5": false,
        "L6_bootstrap_ci_lower_gt_0": false
      },
      "l5_a1_passed": false,
      "all_l1_l6_passed": false
    },
    {
      "candidate_id": "D-C",
      "top_n": 12,
      "metrics": {
        "ir": 0.23595225826202934,
        "mean_alpha_monthly": 0.0054918974081485375,
        "te": 0.27930552300370953,
        "max_dd_diff_vs_0050": -0.009772272765722012,
        "active_corr": -0.3227592595069344,
        "beta_adj_alpha_t": 1.2411947228150368,
        "sharpe_for_dsr": 0.23595225826202929
      },
      "bootstrap_ci_lower": -0.0063,
      "dsr": 0.0,
      "gates": {
        "L1_ir_ge_0_20": true,
        "L2_mean_alpha_ge_0_005": true,
        "L3_te_in_range": true,
        "L4_max_dd_diff_le_0_05": true,
        "L5_a1_active_corr_le_0_50": true,
        "L5_a1_te_ge_0_10": true,
        "L5_a1_beta_adj_t_gt_1_5": false,
        "L6_bootstrap_ci_lower_gt_0": false
      },
      "l5_a1_passed": false,
      "all_l1_l6_passed": false
    },
    {
      "candidate_id": "D-C",
      "top_n": 16,
      "metrics": {
        "ir": 0.18813154830796947,
        "mean_alpha_monthly": 0.004182695922217156,
        "te": 0.266793908400953,
        "max_dd_diff_vs_0050": 0.006390753266535265,
        "active_corr": -0.34415287824304525,
        "beta_adj_alpha_t": 1.191400716014427,
        "sharpe_for_dsr": 0.18813154830796944
      },
      "bootstrap_ci_lower": -0.0076,
      "dsr": 0.0,
      "gates": {
        "L1_ir_ge_0_20": false,
        "L2_mean_alpha_ge_0_005": false,
        "L3_te_in_range": true,
        "L4_max_dd_diff_le_0_05": true,
        "L5_a1_active_corr_le_0_50": true,
        "L5_a1_te_ge_0_10": true,
        "L5_a1_beta_adj_t_gt_1_5": false,
        "L6_bootstrap_ci_lower_gt_0": false
      },
      "l5_a1_passed": false,
      "all_l1_l6_passed": false
    },
    {
      "candidate_id": "D-D",
      "top_n": 8,
      "metrics": {
        "ir": -0.2067292297526755,
        "mean_alpha_monthly": -0.003407172661935715,
        "te": 0.1977759603329603,
        "max_dd_diff_vs_0050": 0.06776471094694192,
        "active_corr": -0.4592466634320787,
        "beta_adj_alpha_t": 0.5921457216749183,
        "sharpe_for_dsr": -0.20672922975267544
      },
      "bootstrap_ci_lower": -0.0125,
      "dsr": 0.0,
      "gates": {
        "L1_ir_ge_0_20": false,
        "L2_mean_alpha_ge_0_005": false,
        "L3_te_in_range": true,
        "L4_max_dd_diff_le_0_05": false,
        "L5_a1_active_corr_le_0_50": true,
        "L5_a1_te_ge_0_10": true,
        "L5_a1_beta_adj_t_gt_1_5": false,
        "L6_bootstrap_ci_lower_gt_0": false
      },
      "l5_a1_passed": false,
      "all_l1_l6_passed": false
    },
    {
      "candidate_id": "D-D",
      "top_n": 12,
      "metrics": {
        "ir": -0.019855807058985757,
        "mean_alpha_monthly": -0.00036554899781412667,
        "te": 0.22092216955665708,
        "max_dd_diff_vs_0050": 0.06581959216114064,
        "active_corr": -0.45703373649008666,
        "beta_adj_alpha_t": 1.0298508254572745,
        "sharpe_for_dsr": -0.019855807058985753
      },
      "bootstrap_ci_lower": -0.0105,
      "dsr": 0.0,
      "gates": {
        "L1_ir_ge_0_20": false,
        "L2_mean_alpha_ge_0_005": false,
        "L3_te_in_range": true,
        "L4_max_dd_diff_le_0_05": false,
        "L5_a1_active_corr_le_0_50": true,
        "L5_a1_te_ge_0_10": true,
        "L5_a1_beta_adj_t_gt_1_5": false,
        "L6_bootstrap_ci_lower_gt_0": false
      },
      "l5_a1_passed": false,
      "all_l1_l6_passed": false
    },
    {
      "candidate_id": "D-D",
      "top_n": 16,
      "metrics": {
        "ir": 0.043027312677314716,
        "mean_alpha_monthly": 0.0008009345584558996,
        "te": 0.22337473812391062,
        "max_dd_diff_vs_0050": 0.12373635128702232,
        "active_corr": -0.5215066443331682,
        "beta_adj_alpha_t": 1.387554673207047,
        "sharpe_for_dsr": 0.043027312677314716
      },
      "bootstrap_ci_lower": -0.0098,
      "dsr": 0.0,
      "gates": {
        "L1_ir_ge_0_20": false,
        "L2_mean_alpha_ge_0_005": false,
        "L3_te_in_range": true,
        "L4_max_dd_diff_le_0_05": false,
        "L5_a1_active_corr_le_0_50": true,
        "L5_a1_te_ge_0_10": true,
        "L5_a1_beta_adj_t_gt_1_5": false,
        "L6_bootstrap_ci_lower_gt_0": false
      },
      "l5_a1_passed": false,
      "all_l1_l6_passed": false
    },
    {
      "candidate_id": "D-E",
      "top_n": 8,
      "metrics": {
        "ir": 0.2819431808191139,