{
  "D-B|8": {
    "ir": 0.006783314826081452,
    "mean_alpha_monthly": 0.00016598614131241212,
    "te": 0.2936372182064233,
    "max_dd_diff_vs_0050": -0.004240661884130192,
    "active_corr": -0.3516745948072242,
    "beta_adj_alpha_t": 0.8026999846504953,
    "sharpe_for_dsr": 0.00678331482608145
  },
  "D-B|12": {
    "ir": -0.042764011509251514,
    "mean_alpha_monthly": -0.0008603718035174485,
    "te": 0.24142874528915048,
    "max_dd_diff_vs_0050": 0.05365117908467287,
    "active_corr": -0.4531482745011184,
    "beta_adj_alpha_t": 0.9641530275615875,
    "sharpe_for_dsr": -0.04276401150925151
  },
  "D-B|16": {
    "ir": -0.006161441124865382,
    "mean_alpha_monthly": -0.00012020783683487282,
    "te": 0.23411633947082308,
    "max_dd_diff_vs_0050": 0.09432596135848548,
    "active_corr": -0.5094194683012621,
    "beta_adj_alpha_t": 1.2256779669346398,
    "sharpe_for_dsr": -0.006161441124865382
  },
  "D-C|8": {
    "ir": 0.09237190301698824,
    "mean_alpha_monthly": 0.002332953542304491,
    "te": 0.30307313797037627,
    "max_dd_diff_vs_0050": -0.021814593922321435,
    "active_corr": -0.32879093587805946,
    "beta_adj_alpha_t": 0.9362569355845599,
    "sharpe_for_dsr": 0.09237190301698821
  },
  "D-C|12": {
    "ir": 0.23595225826202934,
    "mean_alpha_monthly": 0.0054918974081485375,
    "te": 0.27930552300370953,
    "max_dd_diff_vs_0050": -0.009772272765722012,
    "active_corr": -0.3227592595069344,
    "beta_adj_alpha_t": 1.2411947228150368,
    "sharpe_for_dsr": 0.23595225826202929
  },
  "D-C|16": {
    "ir": 0.18813154830796947,
    "mean_alpha_monthly": 0.004182695922217156,
    "te": 0.266793908400953,
    "max_dd_diff_vs_0050": 0.006390753266535265,
    "active_corr": -0.34415287824304525,
    "beta_adj_alpha_t": 1.191400716014427,
    "sharpe_for_dsr": 0.18813154830796944
  },
  "D-D|8": {
    "ir": -0.2067292297526755,
    "mean_alpha_monthly": -0.003407172661935715,
    "te": 0.1977759603329603,
    "max_dd_diff_vs_0050": 0.06776471094694192,
    "active_corr": -0.4592466634320787,
    "beta_adj_alpha_t": 0.5921457216749183,
    "sharpe_for_dsr": -0.20672922975267544
  },
  "D-D|12": {
    "ir": -0.019855807058985757,
    "mean_alpha_monthly": -0.00036554899781412667,
    "te": 0.22092216955665708,
    "max_dd_diff_vs_0050": 0.06581959216114064,
    "active_corr": -0.45703373649008666,
    "beta_adj_alpha_t": 1.0298508254572745,
    "sharpe_for_dsr": -0.019855807058985753
  },
  "D-D|16": {
    "ir": 0.043027312677314716,
    "mean_alpha_monthly": 0.0008009345584558996,
    "te": 0.22337473812391062,
    "max_dd_diff_vs_0050": 0.12373635128702232,
    "active_corr": -0.5215066443331682,
    "beta_adj_alpha_t": 1.387554673207047,
    "sharpe_for_dsr": 0.043027312677314716
  },
  "D-E|8": {
    "ir": 0.2819431808191139,
    "mean_alpha_monthly": 0.009445022187620574,
    "te": 0.40199683468905223,
    "max_dd_diff_vs_0050": -0.09426113655681745,
    "active_corr": -0.2848526504733353,
    "beta_adj_alpha_t": 1.2439736545066635,
    "sharpe_for_dsr": 0.2819431808191139
  },
  "D-E|12": {
    "ir": 0.33681681969829713,
    "mean_alpha_monthly": 0.008761328885945312,
    "te": 0.3121457732589454,
    "max_dd_diff_vs_0050": -0.06321275463463194,
    "active_corr": -0.3556697627225235,
    "beta_adj_alpha_t": 1.5586662762786714,
    "sharpe_for_dsr": 0.3368168196982971
  },
  "D-E|16": {
    "ir": 0.23762881379170422,
    "mean_alpha_monthly": 0.00524477352090895,
    "te": 0.26485543249850024,
    "max_dd_diff_vs_0050": -0.04388832033294088,
    "active_corr": -0.365697799773426,
    "beta_adj_alpha_t": 1.36269475395095,
    "sharpe_for_dsr": 0.2376288137917042
  },
  "D-F|8": {
    "ir": 0.34136863622966657,
    "mean_alpha_monthly": 0.012695906977340169,
    "te": 0.4462943210330053,
    "max_dd_diff_vs_0050": -0.15696090270255614,
    "active_corr": -0.24964862724758244,
    "beta_adj_alpha_t": 1.284824577179819,
    "sharpe_for_dsr": 0.3413686362296665
  },
  "D-F|12": {
    "ir": 0.25283798067730634,
    "mean_alpha_monthly": 0.007808713987821463,
    "te": 0.3706111225965351,
    "max_dd_diff_vs_0050": -0.0706533611381932,
    "active_corr": -0.3018387598085179,
    "beta_adj_alpha_t": 1.223649198940121,
    "sharpe_for_dsr": 0.2528379806773063
  },
  "D-F|16": {
    "ir": 0.1717579843705283,
    "mean_alpha_monthly": 0.004615733738086762,
    "te": 0.3224816887554558,
    "max_dd_diff_vs_0050": -0.07253700035936417,
    "active_corr": -0.34553839509327033,
    "beta_adj_alpha_t": 1.1582951180855288,
    "sharpe_for_dsr": 0.17175798437052828
  },
  "D-G|8": {
    "ir": -0.07671453803186797,
    "mean_alpha_monthly": -0.0013418157443317333,
    "te": 0.20989227524634196,
    "max_dd_diff_vs_0050": 0.1205494926693611,
    "active_corr": -0.6565967826942485,
    "beta_adj_alpha_t": 1.609838639638403,
    "sharpe_for_dsr": -0.07671453803186797
  },
  "D-G|12": {
    "ir": -0.03147595398880063,
    "mean_alpha_monthly": -0.0005266385597232516,
    "te": 0.20077747981610347,
    "max_dd_diff_vs_0050": 0.1353788865442086,
    "active_corr": -0.6620825476586522,
    "beta_adj_alpha_t": 1.7629886608387657,
    "sharpe_for_dsr": -0.031475953988800626
  },
  "D-G|16": {
    "ir": -0.07012777531113441,
    "mean_alpha_monthly": -0.0011668934724179015,
    "te": 0.19967440300065473,
    "max_dd_diff_vs_0050": 0.12367849736381065,
    "active_corr": -0.641865826061361,
    "beta_adj_alpha_t": 1.5613132212116663,
    "sharpe_for_dsr": -0.0701277753111344
  }
}